Rufname,Nachname,Durchwahl,Telefonnummer,Mail-Adresse,Adresse,Pilu seit,Geburtsdatum,PLI - #,Arbeitsbereiche,Papierbericht
Horst,Ritter,-22,0170 9262 475,horst.ritter@piluweri.de,"Römerstr. 2,
79379 Müllheim",01.07.1996,19.12.1960,1,"AMN, BLG, BDE, VAN, FBG, MKG, SAU, SNK, VWG",FALSE
Matthias,Ludwig,,0151 19503811,matthias.ludwig@piluweri.de,"Habsburgerstr. 37,
79104 Freiburg",01.07.1996,30.03.1961,2,"BLG, FAU",FALSE
Michael,Pickel,-11,0151 1413 2520,michael.pickel@piluweri.de,"Winzerstr. 9a,
79379 Dattingen",01.07.1996,25.06.1964,3,"BLG, VBB, VBC, VTB, SMT",FALSE
Richard,Specht,-51,0151 19503813,richard.specht@piluweri.de,"Kirschbäumleboden 30,
79379 Müllheim",01.07.1996,11.01.1965,4,"BLG, GAU",FALSE
Martin,Bäumle,,0177 7706626,79395mb@gmail.com,"Markbeinweg 37,
79395 Neuenburg",01.01.2004,31.08.1952,5,LSE,TRUE
Sigrun,Moser,,0175 9289076,sigrunm@gmx.de,"Rebbergstr. 10,
79379 Müllheim–Britzingen",19.11.2004,31.03.1960,6,"BDE, FAU",TRUE
Judith,Muschiol,-62,0163 1738 829,hovijudy@web.de,"Gebirgsstr. 2,
79426 Buggingen",01.05.2009,02.03.1982,8,"AZT, OEG, SNK, BLG",FALSE
Matze,Wolfsperger,,0151 75038420,mathias.wolfsperger@piluweri.de,"Weilertalstr. 1a,
79379 Niederweiler",22.11.2010,02.06.1981,9,"BRT, GAU, PSZ, EHE",FALSE
Ingrid,Glaser,-56,0175 8546258,ingrid-glaser@gmx.net,"Im Eckfeld 8,
79379 Müllheim-Dattingen",07.02.2011,15.11.1966,10,"GAU, GRG",FALSE
Uli,Sallier,,0151 54706099,haulsa@t-online.de,"Alte Landstr. 14,
79379 Müllheim",02.04.2013,01.10.1951,11,"FMT, WST",FALSE
Martin,Albietz,-27,0171 1477243,tinibus@hotmail.com,"Oberer Brühl 11,
79379 Müllheim",17.03.2015,19.07.1958,12,KCE,FALSE
Jeremias,Supenkämper,,0151 51514199,handwmilch@gmail.com,"Meiergasse 12,
79295 St. Ilgen",01.08.2015,13.09.1986,13,LSE,FALSE
Nyancho,Sanneh,,,,"Basler Str. 4,
79379 Müllheim",01.02.2016,18.02.1992,14,FAU,TRUE
Sabine,Gleichauf,,0163 9189591,gleichaufs@gmx.de,"Betbergerstr. 2,
79295 Sulzburg",01.02.2017,23.07.1970,15,"KMN, VAN",FALSE
Luisa,Hoch,-14,01575 5372 437,luisa.hoch@piluweri.de,"Ahornweg 6,
79379 Feldberg",01.04.2017,20.11.1990,16,"BRT, VAN, VBB, WZF",FALSE
Johannes,Kolonko,,0177 1901757,kolo1@gmx.de,"Rothofweg 1,
79219 Staufen",04.05.2017,17.01.1987,17,LSE,FALSE
Marlies,Rosenstock,,0171 2819348,,"Baslerkopf 1,
79389 Neuenburg",23.04.2018,19.03.1963,18,FAU,TRUE
Woolf,Scheller,,0176 65134443,Serafins-Auge@web.de,"Arne-Torgensen-Straße 7,
79115 Freiburg",01.11.2018,05.06.1972,19,LSE,FALSE
Michi,Meuser,-26,0174 6183 870,michael.meuser@piluweri.de,"Weinstr. 5,
79282 Ballrechten",17.06.2019,03.02.1978,20,"AMN, ASK, BML, EHE, VAN, FBG, ITE, KCE, OEG, SMT, SNK, SAN, VWG",FALSE
Ela,Dinglreiter,-13,0175 5407 129,mdinglreiter@gmx.de,"Turmackerstr. 11,
79418 Schliengen",01.08.2019,08.05.1965,21,"FBG, VBC, SMT",FALSE
Inka,Harms,,0176 9602 9340,inka_harms@posteo.de,"Brunnenstraße,
79312 Emmendingen",04.11.2019,19.06.1986,23,"AZT, EHE, VAN, FAU, MKG, PSZ",TRUE
Frank,Walther,,0152 5459 7600,frankzter@web.de,"Bergstraße 29,
79410 Badenweiler",14.01.2020,15.01.1985,24,"WST, PFK, VFK, FMT",FALSE
Fabian,Winkler,-28,0159 0664 6874,fabian.winkler@piluweri.de,"Jeremias-Gmelin Straße 10,
79424 Auggen",01.04.2020,11.06.1984,25,"AMN, VAN, FBG, FAU, GRG, SAN, VWG, FMT, SNK",FALSE
Julia,Weigl,-16,0177 6237 082,julia@jweigl.de,"Untere Gasse 22,
79244 Münstertal",01.04.2020,07.12.1985,26,"VAN, VTB, SNK, KMN",FALSE
Amadeus,Stratz,,0151 6755 4891,amadeus.stratz@t-online.de,"Stiegelenweg 15,
79219 Staufen",17.04.2020,15.02.1962,27,"ASK, LSE, VFK",TRUE
Achim,Ruppenthal,,0176 73516669,joachim.ruppenthal@piluweri.de,"Am Sulzbach 90a,
79423 Heitersheim",01.08.2020,15.08.1965,28,"ASK, HBE, LSE, KCE",FALSE
Lukas,Denne,-35,015157411586,lukas.denne@piluweri.de,"Klemmbachstr. 39/1,
79410 Badenweiler-Schweighof",17.08.2020,25.04.2000,29,"PDN, ASK, BML, FAU, LGK, PGT, PFK",FALSE
Hardy,Staats,,0162 9250342,staatsh@web.de,"Silcherweg 9,
79395 Neuenburg",26.10.2020,24.07.1959,30,LSE,FALSE
Rico,Albat,,0152 29541081,rico.albat@web.de,"Turmackerstr. 11,
79418 Schliengen",01.01.2021,30.07.1970,31,LSE,FALSE
Johannes,Loewe,,0176 617 288 69,johannes.schleyer@posteo.de,"Hauptstraße 16,
79426 Buggingen",15.02.2021,02.09.1984,33,"GAU, PSZ",FALSE
Felix,Dorau,,0160 9941 9960,doraufe@posteo.de,"Hauptstraße 20,
79295 Sulzburg",01.03.2021,28.05.1995,34,FAU,FALSE
Christine,Schwake,-18,0176 4336 5230,christine.schwake@piluweri.de,"Akazienweg 3,
79379 Britzingen",22.07.2021,23.05.1991,36,"EHE, LSE, VFK, KMN, KCE",FALSE
Julius,Klein,,0163 9243 975,julius-kl@gmx.de,"Hauptstr. 131a,
79379 Müllheim",14.09.2021,28.10.1993,37,LSE,FALSE
Jette,Fortmann,,07634 4092 554,jettefortmann@gmx.de,"Hauptstr. 70,
79295 Sulzburg",01.10.2021,21.11.1990,38,"HVF, KMN",TRUE
Ulrike,Kleingarn,,0160 6933 906,u.kleingarn@posteo.de,"Hauptstraße 26,
79295 Sulzburg",20.01.2022,22.10.1971,39,"BRT, BDE, EHE, FAU",FALSE
Ottmar,Widmaier,,0176 4305 1557,ottmar.widmaier@web.de,"Im Moos 27,
79258 Hartheim",01.02.2022,09.01.1955,40,LSE,FALSE
Laura,Müller,,0176 57793437,laura.mueller68@posteo.de,"Kartäuserstr. 51c,
79102 Freiburg",01.03.2022,06.08.1993,41,FAU,TRUE
Manuel,Lacher,,0176 44411861,lachermanuel79@gmail.com,"Rathausgarten 8,
79418 Schliengen",01.03.2022,28.12.1979,42,FAU,FALSE
Nicole,Piro,,07633 101833,nicole_01890@yahoo.com,"Ernst-Duis-Weg 17a,
79219 Staufen",11.04.2022,01.04.1976,43,KMN,FALSE
Alexej,Bergmann,,0157 7538 2400,berg.alexej@proton.me,"Breisgauer Straße 30,
79110 Freiburg",01.05.2022,10.10.1993,44,"AZT, VAN, PGT, PFK",FALSE
Moni,Frese,,0163 5060 061,omimoni2014@gmail.com,"Willibald-Strohmeyer-Weg 2,
79244 Münstertal",01.05.2022,11.01.1956,45,"EHE, GRG, KCE",FALSE
Christian,Wegener,,0151 1964 3235,christian.wegener@piluweri.de,"Hörnliweg 1,
79379 Müllheim",17.06.2022,04.01.1982,46,"KMN, LSE",FALSE
Sabrina,Lehmann,,017669683138,s.wagner16@gmx.de,"Baselweg 12,
79418 Schliengen-Niedereggenen",01.08.2022,21.02.1987,47,KMN,FALSE
Beate,Weltle,-24,017622166536,bjweltle@gmx.de,"Pfarrer-Christenstr. 5,
79395 Neuenburg",01.11.2022,24.03.1970,49,FBG,FALSE
Tanja,Wolf,-19,0152 2868 6884,tatsiana.wolf@piluweri.de,"Wässerleweg 8,
79400 Kandern",01.12.2022,25.05.1986,50,"MKG, SMT",FALSE
Leonie,Rief,,015755934663,leonierief25@gmail.com,"Habsburgerstr. 59,
79104 Freiburg",01.01.2023,02.05.1995,51,FAU,TRUE
Andrea,Drewski,,015170845625,andrea.drewski@freenet.de,"Lettenweg 27,
79111 Freiburg",01.03.2022,30.12.1963,52,"VAN, KMN",FALSE
Andrea,Häfelinger,,015156633378,andreagabrielehaefelinger@gmail.com,"Am Sulzbach 16,
79423 Heitersheim",12.04.2023,27.09.1991,54,"GAU, MKG",FALSE
Katrin,Mertel,,015257685280,merfried@web.de,"Kreuz 251,
79692 Kleines Wiesental",02.05.2023,29.03.1983,55,"KMN, LSE, GRG",FALSE
Marco,Jägg,,01743923373,marco-jaegg@web.de,"Kandertal 2,
79429 Malsburg-Marzell",01.06.2023,17.04.1974,57,"ASK, LSE, WST",FALSE
Jonathan,Stoffel,,015772419729,jonathan.stoffel187@gmail.com,"Schubertweg 11,
79395 Neuenburg a. R.",03.07.2023,15.03.2004,58,"ABG, MKG",FALSE
Yannis,von Majewski,,015144938757,yannisvonmajewski@outlook.de,"Werderstr. 24a,
79379 Müllheim",01.08.2023,16.03.1999,59,"ABG, MKG",FALSE
Anna,Volk,-15,015204257789,anna.volk@gmx.net,"Hildastr. 15,
79102 Freiburg",04.09.2023,09.07.1993,60,"VAN, KMN, LGK",FALSE
Doris,Grässlin,,0151 2580 0213,doris.graesslin@web.de,"Paula-Hollenweger Str. 21,
79379 Müllheim",15.07.2023,02.07.1954,61,GRG,FALSE
Romana,Asherah,,015730082878,voicewisdom@icloud.com,"Kartäuserstr. 110,
79104 Freiburg",01.12.2023,05.11.1974,62,"KMN, KCE",FALSE
Selina,Zanger,,0160 2811 377,sethza@gmx.de,"Ölbergstr. 30,
79379 Niederweiler",12.12.2023,18.10.1983,63,"EHE, GRG",FALSE
Ännie,Habermehl,,0177 5051 762,annahabermehl@gmx.de,"Höllbergstr. 31,
79379 Müllheim-Hügelheim",01.02.2024,27.04.1986,64,"AZT, EHE, GAU",FALSE
Maria,Teufel,,0176 7076 7066,mariateufel@gmx.de,"Im Waisenhof 13,
79379 Müllheim",01.06.2023,08.05.1975,65,KMN,FALSE
Marco,Rosas,,015750775136,anicia.82@gmail.com,"Adlergasse 1,
79219 Staufen",01.04.2024,13.05.1982,66,FAU,TRUE
Jay,Plath,,015159921538,juliaplath75@gmail.com,"Mozartweg 2,
79395 Neuenburg a. R.",01.04.2024,11.11.2002,67,ABG,FALSE
Christopher,Zerna,,01608044921,christopher.zerna@gmx.de,"Badstr. 22,
79379 Müllheim",01.05.2024,28.11.1982,68,LSE,FALSE
Alina,Steiner,,015779709220,alina.steiner@posteo.de,"Terlaner Str. 19,
79111 Freiburg",17.06.2024,10.10.1996,69,FAU,FALSE
Cosmea,Linemann,-12,0172 1708 512,cosmea.linemann@piluweri.de,"Vogesenstraße 1,
79410 Badenweiler",01.06.2024,27.09.1980,70,"VBC, SMT",TRUE
Caro,Klein,,015252012971,carolin.klein.1@gmx.net,"Albert-Schweizer-Str. 5,
79585 Steinen",01.07.2024,04.03.1997,71,KMN,FALSE
Carlo,Seibel,,015770685473,carloseibel40@gmail.com,"Am Stockacker 1,
79379 Müllhiem-Hügelheim",01.09.2024,29.01.2002,72,ABG,FALSE
Josepha,Brehm,,017699299195,josepha.brehm@gmail.com,"Lieler Str. 9/1,
79400 Kandern",01.09.2024,07.11.2001,73,ABG,FALSE
Simon,Erdmann,,,horizon.info@gmx.de,"Ob dem Dorf 37,
79379 Müllhiem-Hügelheim",01.09.2024,13.06.1994,74,KMN,TRUE
Lisa,Zerna,,076343500208,lisa.zerna@t-online.de,"Untere Holzgasse 1a,
79295 Sulzburg",15.10.2024,27.03.1985,75,KMN,FALSE
Micha,Holl,-17,0160 1770 859,m.christian.holl@gmail.com,"Fabrikstr. 14,
79102 Freiburg",01.11.2024,13.02.1985,76,"VBB, VBC, WZF",FALSE
Maud,Consigny,-27,015752216222,maudmarikoko@gmail.com,"Baldensteinstr. 5,
79432 Heiterheim",01.02.2025,19.05.1990,77,KCE,FALSE
Doreen,Vinzelberg,,01742026277,doreen@vinzelberg.net,"Berner Str. 30,
79395 Neuenburg",01.03.2025,03.11.1969,80,KMN,FALSE
Grem,Wangler,,01624982030,gremwangler@yahoo.com,"Ortsstraße 9,
79424 Auggen-Hach",01.03.2025,03.11.2000,81,KMN,FALSE
Ida,Skroblin,,01637736431,idaskroblin@gmail.com,"Insel 14,
79238 Ehrenstetten",01.10.2025,30.05.1997,82,FAU,FALSE
Clara,Schmid,,01754579575,clara_schmid@yahoo.de,"Konviktstr. 33,
79098 Freiburg",01.03.2025,21.08.1996,83,KMN,FALSE
Manuel,Beyer,,015164426114,manuelbeyer1991@gmail.com,"Sankt-Peter-Str. 5a,
79395 Neuenburg a. R.",01.05.2025,03.12.1991,85,"KMN, LSE",FALSE
Lukas,Romes,,01782109432,lukasromes@posteo.de,"Wasengasse 7,
79379 Müllheim",01.06.2025,18.12.1995,86,LSE,FALSE
Anja,Schrader,,017655756656,schrader.anja@posteo.de,"Emil-Bizer-Straße 13,
79379 Müllheim",01.08.2025,08.03.1956,87,"KCE, GRG",FALSE
Mu,Dell'Oro,,01777575167,calvin.delloro@piluweri.de,"Riedlistraße 26/1,
79576 Weil a. R.",01.08.2025,14.10.2001,88,ITE,FALSE
Lina,Drewski,,01736544239,linadrewski@web.de,"Lettenweg 27,
79111 Freiburg",01.08.2025,12.10.1998,89,"KMN, LSE",FALSE
Jonatan,Argueta,,01789034521,jonatanac14.libros@gmail.com,"Am Sportplatz,
79379 Müllheim",01.09.2025,05.04.2002,90,ABG,FALSE
Andrea,Gregor,-47,0151 1235 0987,andrea.gregor@piluweri.de,"Schwabstr. 177,
70139 Stuttgart",15.10.2025,19.06.1970,91,"SNK, MKG, SMT",FALSE
Felix,Reinalter,,015759357054,reinalterfelix@gmail.com,"Weingartenstr. 18,
79426 Buggingen",01.01.2026,28.06.2002,92,"LSE, KMN",FALSE
Noah,Ihlein,,01629795692,nihlein@gmail.com,"Albrecht Straße 6,
72072 Tübingen",01.03.2026,25.03.2002,93,GAU,FALSE
EhemaligeR,Pilu,,016097697872,meretklapp@gmail.com,"Scheffelstr. 51,
79102 Freiburg",01.03.2026,03.09.1999,94,AZT,FALSE
Nina,Hofmann,,01631566492,dieninahofmann@gmx.de,"Komturstrasse 47,
79106 Freiburg",01.03.2026,26.06.1990,95,"AZT, KMN",FALSE
Valentina,Volkmer,,01703590448,valentinavolkmer@gmail.com,"Eschholzstr. 14,
79106 Freiburg",01.03.2026,14.08.2001,96,FAU,FALSE
EhemaligeR,Pilu,,015784517523,tamina@erker.info,"Wiedemannstr. 36,
16225 Eberswalde",01.03.2026,04.10.2004,97,FAU,FALSE
EhemaligeR,Pilu,,015753292040,christinaschiller4@gmail.com,"Apfelgarten 11,
30539 Hannover",02.03.2026,29.01.2005,98,AZT,FALSE
Romy,Horn,,,,",
 ",01.06.2020,02.05.1988,99,FAU,TRUE
Philipp,Schneider,,017686308019,schibidia@gmail.com,"Schloßmattweg 18 A,
79379 Müllheim",01.04.2026,11.06.1988,100,LSE,FALSE
Anni,Gabriel,,015732593580,gabriel.annika@web.de,"Dortusstr. 4,
79111 Freiburg",01.04.2026,27.04.1995,101,FAU,TRUE
Zora,Zeller,,01638849250,zora.zeller@piluweri.de,"Moltkestraße 36,
79098 Freiburg",01.05.2026,16.06.1996,102,WST,FALSE
Honza,Supenkämper,,017641816267,Honza@regioernaehrung.de,"Meiergasse 12,
79295 Sulzburg ",01.05.2026,22.09.2009,103,GRG,FALSE
Lukas,Taboritzki,,0031610892866,l.vontaboritzki@gmail.com,"Wisentweg 12N,
8251 PC Dronten",27.04.2026,29.03.2006,104,GAU,FALSE
Flo,Tafesse,,017662311788,florencetafesse@gmail.com,"In den Höfen 8,
79379 Müllheim",01.05.2026,01.01.1987,105,"KMN, LSE",FALSE
Christoph ,Weber,,01705350004,christoph25.9@gmx.de,"Eisenbahnstraße 3,
79426 Buggingen",10.07.2026,25.09.2000,106,"FAU, BKT",FALSE
Nils,Meyer,,0152 52886774,nilsmeyer@gmx.info,"Merzhauser Straße, 162/2, 01-05,
79100 Freiburg",01.07.2026,01.04.2001,107,LSE,FALSE
Dagmar,Gries,,01711207642,dagmar.gries@gmail.com,"Weingartenstraße 25,
79426 Seefelden",15.07.2026,20.06.1981,108,KMN,FALSE
Leo,Hilser,,015757246988,hilserleonie@gmail.com,"Akazienweg 5,
79219 Staufen",01.08.2026,22.09.1999,109,"KMN, BLG",FALSE
Klarazubi,Wessel,,,clara.semmel@gmx.de,",
 ",01.09.2026,,110,ABG,FALSE
Clarazubi,Semmel,,015755874572,clara.semmel@gmx.de,"Alemannenstr. 12,
79117 Freiburg",01.09.2026,19.02.1998,111,ABG,FALSE